[{"date":"2022-01-31 13:24:51","sDate":"08/22/2022","pID":"907677035","mID":"726097433","sID":"315718","comments":"In sagittis dui vel nisl. Duis ac nibh. Fusce lacus purus, aliquet at, feugiat non, pretium quis, lectus."},
{"date":"2022-09-23 04:40:39","sDate":"02/17/2022","pID":"590690087","mID":"572252280","sID":"812284","comments":"Cum sociis natoque penatibus et magnis dis parturient montes, nascetur ridiculus mus. Vivamus vestibulum sagittis sapien. Cum sociis natoque penatibus et magnis dis parturient montes, nascetur ridiculus mus."},
{"date":"2022-10-09 03:29:13","sDate":"05/11/2022","pID":"688861546","mID":"072533017","sID":"316357","comments":"Cras non velit nec nisi vulputate nonummy. Maecenas tincidunt lacus at velit. Vivamus vel nulla eget eros elementum pellentesque."},
{"date":"2022-01-25 18:12:06","sDate":"12/20/2021","pID":"466003498","mID":"810573432","sID":"761666","comments":"Duis bibendum, felis sed interdum venenatis, turpis enim blandit mi, in porttitor pede justo eu massa. Donec dapibus. Duis at velit eu est congue elementum."},
{"date":"2022-11-25 08:27:24","sDate":"10/01/2022","pID":"275957446","mID":"450911015","sID":"661859","comments":"Nulla ut erat id mauris vulputate elementum. Nullam varius. Nulla facilisi."},
{"date":"2022-02-15 00:07:43","sDate":"07/17/2022","pID":"833015626","mID":"208585321","sID":"558558","comments":"Proin eu mi. Nulla ac enim. In tempor, turpis nec euismod scelerisque, quam turpis adipiscing lorem, vitae mattis nibh ligula nec sem."},
{"date":"2022-08-09 18:43:25","sDate":"06/15/2022","pID":"345491062","mID":"822480832","sID":"277867","comments":"Praesent blandit. Nam nulla. Integer pede justo, lacinia eget, tincidunt eget, tempus vel, pede."},
{"date":"2022-02-20 23:23:21","sDate":"06/06/2022","pID":"306844247","mID":"269782486","sID":"436085","comments":"Phasellus in felis. Donec semper sapien a libero. Nam dui."},
{"date":"2022-10-28 01:53:56","sDate":"03/07/2022","pID":"017008093","mID":"093928774","sID":"237816","comments":"Duis aliquam convallis nunc. Proin at turpis a pede posuere nonummy. Integer non velit."},
{"date":"2022-04-30 15:34:26","sDate":"08/14/2022","pID":"652629497","mID":"848521597","sID":"684342","comments":"Quisque id justo sit amet sapien dignissim vestibulum. Vestibulum ante ipsum primis in faucibus orci luctus et ultrices posuere cubilia Curae; Nulla dapibus dolor vel est. Donec odio justo, sollicitudin ut, suscipit a, feugiat et, eros."},
{"date":"2022-09-23 22:04:17","sDate":"08/17/2022","pID":"615171696","mID":"394918132","sID":"696504","comments":"In sagittis dui vel nisl. Duis ac nibh. Fusce lacus purus, aliquet at, feugiat non, pretium quis, lectus."},
{"date":"2022-11-25 00:33:32","sDate":"02/12/2022","pID":"155128738","mID":"235571762","sID":"247924","comments":"Sed sagittis. Nam congue, risus semper porta volutpat, quam pede lobortis ligula, sit amet eleifend pede libero quis orci. Nullam molestie nibh in lectus."},
{"date":"2022-07-13 17:10:33","sDate":"12/03/2021","pID":"398148319","mID":"841373362","sID":"399395","comments":"Fusce consequat. Nulla nisl. Nunc nisl."},
{"date":"2022-09-17 03:34:38","sDate":"07/19/2022","pID":"992993901","mID":"654075153","sID":"415967","comments":"Nam ultrices, libero non mattis pulvinar, nulla pede ullamcorper augue, a suscipit nulla elit ac nulla. Sed vel enim sit amet nunc viverra dapibus. Nulla suscipit ligula in lacus."},
{"date":"2022-11-23 07:09:20","sDate":"07/10/2022","pID":"469503402","mID":"916034943","sID":"493838","comments":"Maecenas ut massa quis augue luctus tincidunt. Nulla mollis molestie lorem. Quisque ut erat."},
{"date":"2022-01-13 19:07:19","sDate":"05/15/2022","pID":"743052463","mID":"377224204","sID":"182218","comments":"Duis bibendum. Morbi non quam nec dui luctus rutrum. Nulla tellus."},
{"date":"2022-05-11 06:29:45","sDate":"01/30/2022","pID":"910428923","mID":"166945612","sID":"082118","comments":"Duis aliquam convallis nunc. Proin at turpis a pede posuere nonummy. Integer non velit."},
{"date":"2021-12-06 09:03:00","sDate":"06/15/2022","pID":"539271420","mID":"557396235","sID":"674022","comments":"Aliquam quis turpis eget elit sodales scelerisque. Mauris sit amet eros. Suspendisse accumsan tortor quis turpis."},
{"date":"2022-04-25 15:40:24","sDate":"03/20/2022","pID":"046422686","mID":"488449640","sID":"950822","comments":"Aenean fermentum. Donec ut mauris eget massa tempor convallis. Nulla neque libero, convallis eget, eleifend luctus, ultricies eu, nibh."},
{"date":"2022-04-02 11:11:06","sDate":"05/03/2022","pID":"487215805","mID":"490002510","sID":"255293","comments":"Praesent blandit. Nam nulla. Integer pede justo, lacinia eget, tincidunt eget, tempus vel, pede."},
{"date":"2022-06-06 08:12:06","sDate":"09/28/2022","pID":"592515686","mID":"897353702","sID":"390754","comments":"Integer tincidunt ante vel ipsum. Praesent blandit lacinia erat. Vestibulum sed magna at nunc commodo placerat."},
{"date":"2022-10-17 07:09:39","sDate":"12/03/2021","pID":"887369358","mID":"468873402","sID":"929604","comments":"Mauris enim leo, rhoncus sed, vestibulum sit amet, cursus id, turpis. Integer aliquet, massa id lobortis convallis, tortor risus dapibus augue, vel accumsan tellus nisi eu orci. Mauris lacinia sapien quis libero."},
{"date":"2022-03-01 03:06:06","sDate":"07/16/2022","pID":"643292765","mID":"375618036","sID":"606900","comments":"Pellentesque at nulla. Suspendisse potenti. Cras in purus eu magna vulputate luctus."},
{"date":"2022-11-15 21:04:05","sDate":"09/12/2022","pID":"783529931","mID":"221459875","sID":"547241","comments":"In quis justo. Maecenas rhoncus aliquam lacus. Morbi quis tortor id nulla ultrices aliquet."},
{"date":"2022-06-18 20:10:34","sDate":"03/19/2022","pID":"110013402","mID":"441267079","sID":"795574","comments":"Cras non velit nec nisi vulputate nonummy. Maecenas tincidunt lacus at velit. Vivamus vel nulla eget eros elementum pellentesque."},
{"date":"2022-10-29 19:20:52","sDate":"10/11/2022","pID":"409704547","mID":"528846376","sID":"519216","comments":"Maecenas ut massa quis augue luctus tincidunt. Nulla mollis molestie lorem. Quisque ut erat."},
{"date":"2022-10-18 21:17:51","sDate":"04/20/2022","pID":"795424934","mID":"998922867","sID":"481093","comments":"Fusce posuere felis sed lacus. Morbi sem mauris, laoreet ut, rhoncus aliquet, pulvinar sed, nisl. Nunc rhoncus dui vel sem."},
{"date":"2022-08-06 21:00:03","sDate":"07/09/2022","pID":"622606567","mID":"510080272","sID":"430333","comments":"Nullam porttitor lacus at turpis. Donec posuere metus vitae ipsum. Aliquam non mauris."},
{"date":"2022-09-20 06:23:43","sDate":"09/08/2022","pID":"036510117","mID":"817600283","sID":"829444","comments":"Sed ante. Vivamus tortor. Duis mattis egestas metus."},
{"date":"2022-03-28 22:31:41","sDate":"01/10/2022","pID":"266488717","mID":"214753278","sID":"537407","comments":"Phasellus in felis. Donec semper sapien a libero. Nam dui."},
{"date":"2022-01-25 00:04:53","sDate":"04/06/2022","pID":"562007895","mID":"790489091","sID":"845325","comments":"Aliquam quis turpis eget elit sodales scelerisque. Mauris sit amet eros. Suspendisse accumsan tortor quis turpis."},
{"date":"2022-03-18 18:42:51","sDate":"06/04/2022","pID":"539797047","mID":"250933263","sID":"997056","comments":"Duis bibendum. Morbi non quam nec dui luctus rutrum. Nulla tellus."},
{"date":"2022-07-17 06:03:51","sDate":"08/18/2022","pID":"746355963","mID":"221883405","sID":"866180","comments":"Maecenas tristique, est et tempus semper, est quam pharetra magna, ac consequat metus sapien ut nunc. Vestibulum ante ipsum primis in faucibus orci luctus et ultrices posuere cubilia Curae; Mauris viverra diam vitae quam. Suspendisse potenti."},
{"date":"2022-09-13 09:33:48","sDate":"08/09/2022","pID":"723995174","mID":"778220578","sID":"502784","comments":"Nullam sit amet turpis elementum ligula vehicula consequat. Morbi a ipsum. Integer a nibh."},
{"date":"2022-03-08 10:18:41","sDate":"01/20/2022","pID":"917882470","mID":"594947026","sID":"455999","comments":"Suspendisse potenti. In eleifend quam a odio. In hac habitasse platea dictumst."},
{"date":"2022-06-08 08:00:16","sDate":"01/29/2022","pID":"588775192","mID":"241032450","sID":"469147","comments":"Quisque porta volutpat erat. Quisque erat eros, viverra eget, congue eget, semper rutrum, nulla. Nunc purus."},
{"date":"2022-07-29 17:41:24","sDate":"11/09/2022","pID":"571103638","mID":"391060883","sID":"599804","comments":"Morbi porttitor lorem id ligula. Suspendisse ornare consequat lectus. In est risus, auctor sed, tristique in, tempus sit amet, sem."},
{"date":"2022-10-20 06:32:07","sDate":"05/09/2022","pID":"542087879","mID":"590546332","sID":"136966","comments":"Proin leo odio, porttitor id, consequat in, consequat ut, nulla. Sed accumsan felis. Ut at dolor quis odio consequat varius."},
{"date":"2022-06-03 06:36:46","sDate":"10/27/2022","pID":"612194491","mID":"332621311","sID":"160818","comments":"Pellentesque at nulla. Suspendisse potenti. Cras in purus eu magna vulputate luctus."},
{"date":"2022-06-25 01:11:59","sDate":"12/31/2021","pID":"232650055","mID":"093947485","sID":"042451","comments":"Sed ante. Vivamus tortor. Duis mattis egestas metus."},
{"date":"2022-09-24 02:33:49","sDate":"07/23/2022","pID":"515553227","mID":"052601852","sID":"063661","comments":"Donec diam neque, vestibulum eget, vulputate ut, ultrices vel, augue. Vestibulum ante ipsum primis in faucibus orci luctus et ultrices posuere cubilia Curae; Donec pharetra, magna vestibulum aliquet ultrices, erat tortor sollicitudin mi, sit amet lobortis sapien sapien non mi. Integer ac neque."},
{"date":"2022-02-19 05:42:29","sDate":"05/12/2022","pID":"181982341","mID":"995005485","sID":"425494","comments":"Donec diam neque, vestibulum eget, vulputate ut, ultrices vel, augue. Vestibulum ante ipsum primis in faucibus orci luctus et ultrices posuere cubilia Curae; Donec pharetra, magna vestibulum aliquet ultrices, erat tortor sollicitudin mi, sit amet lobortis sapien sapien non mi. Integer ac neque."},
{"date":"2021-12-13 04:52:46","sDate":"11/07/2022","pID":"166797943","mID":"589983816","sID":"161923","comments":"Duis bibendum, felis sed interdum venenatis, turpis enim blandit mi, in porttitor pede justo eu massa. Donec dapibus. Duis at velit eu est congue elementum."},
{"date":"2022-11-01 11:58:36","sDate":"10/10/2022","pID":"836387326","mID":"363785088","sID":"316546","comments":"Pellentesque at nulla. Suspendisse potenti. Cras in purus eu magna vulputate luctus."},
{"date":"2021-12-08 19:16:38","sDate":"02/01/2022","pID":"107145258","mID":"268198254","sID":"284851","comments":"In congue. Etiam justo. Etiam pretium iaculis justo."},
{"date":"2021-12-13 14:48:43","sDate":"10/14/2022","pID":"767697468","mID":"879160686","sID":"878500","comments":"Sed sagittis. Nam congue, risus semper porta volutpat, quam pede lobortis ligula, sit amet eleifend pede libero quis orci. Nullam molestie nibh in lectus."},
{"date":"2022-07-10 17:16:13","sDate":"02/13/2022","pID":"876359857","mID":"423557590","sID":"343541","comments":"Nullam porttitor lacus at turpis. Donec posuere metus vitae ipsum. Aliquam non mauris."},
{"date":"2022-06-25 03:51:08","sDate":"07/23/2022","pID":"969344170","mID":"753212010","sID":"682482","comments":"In hac habitasse platea dictumst. Etiam faucibus cursus urna. Ut tellus."},
{"date":"2022-08-08 05:20:37","sDate":"01/04/2022","pID":"091744906","mID":"820894845","sID":"111918","comments":"Maecenas leo odio, condimentum id, luctus nec, molestie sed, justo. Pellentesque viverra pede ac diam. Cras pellentesque volutpat dui."},
{"date":"2022-03-23 01:11:21","sDate":"03/15/2022","pID":"575578683","mID":"477845037","sID":"919983","comments":"Cum sociis natoque penatibus et magnis dis parturient montes, nascetur ridiculus mus. Vivamus vestibulum sagittis sapien. Cum sociis natoque penatibus et magnis dis parturient montes, nascetur ridiculus mus."},
{"date":"2022-04-07 13:49:43","sDate":"04/24/2022","pID":"120958905","mID":"561756495","sID":"818237","comments":"Integer ac leo. Pellentesque ultrices mattis odio. Donec vitae nisi."},
{"date":"2022-07-08 06:31:15","sDate":"07/04/2022","pID":"573314474","mID":"513657526","sID":"796230","comments":"Curabitur at ipsum ac tellus semper interdum. Mauris ullamcorper purus sit amet nulla. Quisque arcu libero, rutrum ac, lobortis vel, dapibus at, diam."},
{"date":"2022-07-23 08:33:19","sDate":"01/11/2022","pID":"275483599","mID":"603323506","sID":"174360","comments":"Aliquam quis turpis eget elit sodales scelerisque. Mauris sit amet eros. Suspendisse accumsan tortor quis turpis."},
{"date":"2022-06-26 01:16:09","sDate":"08/04/2022","pID":"292970009","mID":"296040194","sID":"227580","comments":"Pellentesque at nulla. Suspendisse potenti. Cras in purus eu magna vulputate luctus."},
{"date":"2022-09-09 12:14:37","sDate":"01/17/2022","pID":"130214375","mID":"732632672","sID":"433863","comments":"Aenean fermentum. Donec ut mauris eget massa tempor convallis. Nulla neque libero, convallis eget, eleifend luctus, ultricies eu, nibh."},
{"date":"2022-05-23 01:01:51","sDate":"07/13/2022","pID":"190846698","mID":"474820255","sID":"497314","comments":"Phasellus in felis. Donec semper sapien a libero. Nam dui."},
{"date":"2022-09-22 14:00:31","sDate":"01/25/2022","pID":"995771223","mID":"745460167","sID":"945898","comments":"Aenean fermentum. Donec ut mauris eget massa tempor convallis. Nulla neque libero, convallis eget, eleifend luctus, ultricies eu, nibh."},
{"date":"2022-03-03 10:41:46","sDate":"07/18/2022","pID":"960070196","mID":"874927186","sID":"645920","comments":"Curabitur at ipsum ac tellus semper interdum. Mauris ullamcorper purus sit amet nulla. Quisque arcu libero, rutrum ac, lobortis vel, dapibus at, diam."},
{"date":"2022-04-09 12:37:27","sDate":"04/09/2022","pID":"905507024","mID":"313701928","sID":"245029","comments":"Quisque id justo sit amet sapien dignissim vestibulum. Vestibulum ante ipsum primis in faucibus orci luctus et ultrices posuere cubilia Curae; Nulla dapibus dolor vel est. Donec odio justo, sollicitudin ut, suscipit a, feugiat et, eros."},
{"date":"2022-01-18 15:44:51","sDate":"03/16/2022","pID":"702932924","mID":"872251058","sID":"790634","comments":"Quisque id justo sit amet sapien dignissim vestibulum. Vestibulum ante ipsum primis in faucibus orci luctus et ultrices posuere cubilia Curae; Nulla dapibus dolor vel est. Donec odio justo, sollicitudin ut, suscipit a, feugiat et, eros."},
{"date":"2022-09-15 20:30:57","sDate":"05/23/2022","pID":"380615614","mID":"432781907","sID":"349570","comments":"In hac habitasse platea dictumst. Etiam faucibus cursus urna. Ut tellus."},
{"date":"2022-06-25 10:07:00","sDate":"10/29/2022","pID":"366829593","mID":"655564996","sID":"260907","comments":"Morbi non lectus. Aliquam sit amet diam in magna bibendum imperdiet. Nullam orci pede, venenatis non, sodales sed, tincidunt eu, felis."},
{"date":"2022-02-27 20:38:26","sDate":"12/06/2021","pID":"070502298","mID":"076247144","sID":"545166","comments":"Nullam sit amet turpis elementum ligula vehicula consequat. Morbi a ipsum. Integer a nibh."},
{"date":"2022-10-10 06:56:03","sDate":"10/15/2022","pID":"683414141","mID":"238771479","sID":"372199","comments":"Fusce consequat. Nulla nisl. Nunc nisl."},
{"date":"2022-07-12 07:43:52","sDate":"08/23/2022","pID":"862592754","mID":"867259987","sID":"598441","comments":"Aliquam quis turpis eget elit sodales scelerisque. Mauris sit amet eros. Suspendisse accumsan tortor quis turpis."},
{"date":"2022-06-12 00:52:20","sDate":"07/13/2022","pID":"532143237","mID":"047403024","sID":"874360","comments":"Integer tincidunt ante vel ipsum. Praesent blandit lacinia erat. Vestibulum sed magna at nunc commodo placerat."},
{"date":"2022-04-03 11:33:04","sDate":"05/27/2022","pID":"701358435","mID":"178954938","sID":"390043","comments":"Morbi non lectus. Aliquam sit amet diam in magna bibendum imperdiet. Nullam orci pede, venenatis non, sodales sed, tincidunt eu, felis."},
{"date":"2021-12-24 10:48:29","sDate":"11/03/2022","pID":"449615508","mID":"037616671","sID":"545083","comments":"Phasellus sit amet erat. Nulla tempus. Vivamus in felis eu sapien cursus vestibulum."},
{"date":"2022-07-17 00:14:40","sDate":"11/25/2022","pID":"751943139","mID":"319229005","sID":"996534","comments":"Praesent blandit. Nam nulla. Integer pede justo, lacinia eget, tincidunt eget, tempus vel, pede."},
{"date":"2022-07-30 23:46:02","sDate":"09/28/2022","pID":"202852639","mID":"511852905","sID":"313311","comments":"Duis bibendum, felis sed interdum venenatis, turpis enim blandit mi, in porttitor pede justo eu massa. Donec dapibus. Duis at velit eu est congue elementum."},
{"date":"2022-05-08 04:23:24","sDate":"10/08/2022","pID":"334529170","mID":"011390728","sID":"608811","comments":"Fusce consequat. Nulla nisl. Nunc nisl."},
{"date":"2022-01-17 20:39:23","sDate":"09/04/2022","pID":"287380174","mID":"448799506","sID":"417513","comments":"Duis aliquam convallis nunc. Proin at turpis a pede posuere nonummy. Integer non velit."},
{"date":"2022-08-13 19:52:32","sDate":"06/23/2022","pID":"835315161","mID":"762641700","sID":"899217","comments":"Integer tincidunt ante vel ipsum. Praesent blandit lacinia erat. Vestibulum sed magna at nunc commodo placerat."},
{"date":"2022-04-10 22:19:14","sDate":"03/01/2022","pID":"597488673","mID":"438197873","sID":"529849","comments":"Quisque id justo sit amet sapien dignissim vestibulum. Vestibulum ante ipsum primis in faucibus orci luctus et ultrices posuere cubilia Curae; Nulla dapibus dolor vel est. Donec odio justo, sollicitudin ut, suscipit a, feugiat et, eros."},
{"date":"2022-02-09 14:16:27","sDate":"09/26/2022","pID":"864474574","mID":"646427746","sID":"168410","comments":"Etiam vel augue. Vestibulum rutrum rutrum neque. Aenean auctor gravida sem."},
{"date":"2022-08-15 17:42:07","sDate":"09/12/2022","pID":"546360893","mID":"855828217","sID":"774480","comments":"Integer ac leo. Pellentesque ultrices mattis odio. Donec vitae nisi."},
{"date":"2022-03-15 20:13:15","sDate":"02/06/2022","pID":"692869529","mID":"776667036","sID":"653428","comments":"Proin eu mi. Nulla ac enim. In tempor, turpis nec euismod scelerisque, quam turpis adipiscing lorem, vitae mattis nibh ligula nec sem."},
{"date":"2022-07-21 19:43:11","sDate":"04/01/2022","pID":"559261574","mID":"589691904","sID":"703246","comments":"Maecenas tristique, est et tempus semper, est quam pharetra magna, ac consequat metus sapien ut nunc. Vestibulum ante ipsum primis in faucibus orci luctus et ultrices posuere cubilia Curae; Mauris viverra diam vitae quam. Suspendisse potenti."},
{"date":"2022-01-22 06:37:45","sDate":"12/22/2021","pID":"239965017","mID":"805201791","sID":"541291","comments":"Morbi porttitor lorem id ligula. Suspendisse ornare consequat lectus. In est risus, auctor sed, tristique in, tempus sit amet, sem."},
{"date":"2022-08-23 10:54:01","sDate":"12/16/2021","pID":"199351041","mID":"491436361","sID":"510163","comments":"Mauris enim leo, rhoncus sed, vestibulum sit amet, cursus id, turpis. Integer aliquet, massa id lobortis convallis, tortor risus dapibus augue, vel accumsan tellus nisi eu orci. Mauris lacinia sapien quis libero."},
{"date":"2021-12-13 01:15:47","sDate":"03/25/2022","pID":"105359374","mID":"471141925","sID":"265287","comments":"Maecenas ut massa quis augue luctus tincidunt. Nulla mollis molestie lorem. Quisque ut erat."},
{"date":"2022-06-15 21:00:14","sDate":"09/29/2022","pID":"555074727","mID":"029297311","sID":"764818","comments":"Vestibulum ac est lacinia nisi venenatis tristique. Fusce congue, diam id ornare imperdiet, sapien urna pretium nisl, ut volutpat sapien arcu sed augue. Aliquam erat volutpat."},
{"date":"2022-10-02 14:52:07","sDate":"01/20/2022","pID":"898037626","mID":"786785491","sID":"112463","comments":"Etiam vel augue. Vestibulum rutrum rutrum neque. Aenean auctor gravida sem."},
{"date":"2022-02-22 03:24:01","sDate":"11/12/2022","pID":"742031361","mID":"423185285","sID":"136327","comments":"Nullam sit amet turpis elementum ligula vehicula consequat. Morbi a ipsum. Integer a nibh."},
{"date":"2022-11-02 19:30:10","sDate":"03/15/2022","pID":"707552793","mID":"904434305","sID":"210911","comments":"Etiam vel augue. Vestibulum rutrum rutrum neque. Aenean auctor gravida sem."},
{"date":"2022-01-20 22:52:56","sDate":"01/25/2022","pID":"850743675","mID":"345775248","sID":"514755","comments":"Duis consequat dui nec nisi volutpat eleifend. Donec ut dolor. Morbi vel lectus in quam fringilla rhoncus."},
{"date":"2022-08-18 17:37:44","sDate":"02/03/2022","pID":"405985915","mID":"569465227","sID":"466672","comments":"Nullam porttitor lacus at turpis. Donec posuere metus vitae ipsum. Aliquam non mauris."},
{"date":"2022-06-19 08:58:21","sDate":"04/10/2022","pID":"272264006","mID":"827452186","sID":"811182","comments":"Curabitur at ipsum ac tellus semper interdum. Mauris ullamcorper purus sit amet nulla. Quisque arcu libero, rutrum ac, lobortis vel, dapibus at, diam."},
{"date":"2022-07-31 21:52:15","sDate":"05/30/2022","pID":"208154215","mID":"879273919","sID":"399629","comments":"Quisque id justo sit amet sapien dignissim vestibulum. Vestibulum ante ipsum primis in faucibus orci luctus et ultrices posuere cubilia Curae; Nulla dapibus dolor vel est. Donec odio justo, sollicitudin ut, suscipit a, feugiat et, eros."},
{"date":"2022-06-04 13:40:42","sDate":"03/06/2022","pID":"889050455","mID":"228953005","sID":"894003","comments":"Morbi non lectus. Aliquam sit amet diam in magna bibendum imperdiet. Nullam orci pede, venenatis non, sodales sed, tincidunt eu, felis."},
{"date":"2022-08-16 02:52:08","sDate":"08/21/2022","pID":"491189529","mID":"043076931","sID":"930657","comments":"Donec diam neque, vestibulum eget, vulputate ut, ultrices vel, augue. Vestibulum ante ipsum primis in faucibus orci luctus et ultrices posuere cubilia Curae; Donec pharetra, magna vestibulum aliquet ultrices, erat tortor sollicitudin mi, sit amet lobortis sapien sapien non mi. Integer ac neque."},
{"date":"2022-11-14 01:54:04","sDate":"12/03/2021","pID":"658586265","mID":"066670978","sID":"921141","comments":"Proin eu mi. Nulla ac enim. In tempor, turpis nec euismod scelerisque, quam turpis adipiscing lorem, vitae mattis nibh ligula nec sem."},
{"date":"2021-12-20 14:00:05","sDate":"04/24/2022","pID":"025382535","mID":"630731167","sID":"740465","comments":"In sagittis dui vel nisl. Duis ac nibh. Fusce lacus purus, aliquet at, feugiat non, pretium quis, lectus."},
{"date":"2022-02-23 10:43:30","sDate":"09/25/2022","pID":"773557686","mID":"251631881","sID":"256635","comments":"Curabitur in libero ut massa volutpat convallis. Morbi odio odio, elementum eu, interdum eu, tincidunt in, leo. Maecenas pulvinar lobortis est."},
{"date":"2022-01-05 23:13:40","sDate":"06/06/2022","pID":"190759050","mID":"348051186","sID":"510329","comments":"Maecenas leo odio, condimentum id, luctus nec, molestie sed, justo. Pellentesque viverra pede ac diam. Cras pellentesque volutpat dui."},
{"date":"2022-10-10 17:51:34","sDate":"10/08/2022","pID":"697803027","mID":"490413703","sID":"215104","comments":"Duis bibendum. Morbi non quam nec dui luctus rutrum. Nulla tellus."},
{"date":"2022-06-17 07:27:21","sDate":"11/28/2021","pID":"825344162","mID":"084814870","sID":"048242","comments":"Cras non velit nec nisi vulputate nonummy. Maecenas tincidunt lacus at velit. Vivamus vel nulla eget eros elementum pellentesque."},
{"date":"2022-08-04 12:06:01","sDate":"01/02/2022","pID":"824112048","mID":"575459137","sID":"061392","comments":"Quisque id justo sit amet sapien dignissim vestibulum. Vestibulum ante ipsum primis in faucibus orci luctus et ultrices posuere cubilia Curae; Nulla dapibus dolor vel est. Donec odio justo, sollicitudin ut, suscipit a, feugiat et, eros."},
{"date":"2022-01-02 14:03:44","sDate":"10/06/2022","pID":"091409687","mID":"120808944","sID":"013089","comments":"Phasellus in felis. Donec semper sapien a libero. Nam dui."},
{"date":"2021-12-17 22:17:10","sDate":"06/27/2022","pID":"156142046","mID":"624979552","sID":"668446","comments":"Quisque porta volutpat erat. Quisque erat eros, viverra eget, congue eget, semper rutrum, nulla. Nunc purus."}]