[{"name":"Ocular Disease","sID":"206689","fee":328.44},
{"name":"Weddings","sID":"496864","fee":631.81},
{"name":"Athletic Performance","sID":"253969","fee":994.28},
{"name":"Oxidation","sID":"266024","fee":989.6},
{"name":"Acoustic Guitar","sID":"974605","fee":260.89},
{"name":"CFR","sID":"982798","fee":358.45},
{"name":"PVTsim","sID":"278367","fee":302.07},
{"name":"CDL","sID":"275627","fee":39.05},
{"name":"DVR","sID":"042595","fee":415.35},
{"name":"XP/Vista/7","sID":"597184","fee":344.31},
{"name":"Data Entry","sID":"148987","fee":235.87},
{"name":"Osteopathy","sID":"979652","fee":976.53},
{"name":"Latin America","sID":"113995","fee":840.15},
{"name":"SFTP","sID":"350135","fee":895.87},
{"name":"IVIVC","sID":"618685","fee":691.8},
{"name":"CCNA","sID":"913970","fee":241.99},
{"name":"AMSI","sID":"392346","fee":206.76},
{"name":"RLC","sID":"422524","fee":794.46},
{"name":"NNTP","sID":"347960","fee":885.85},
{"name":"HSPD-12","sID":"013049","fee":976.51},
{"name":"Okuma","sID":"903295","fee":770.72},
{"name":"Twitter Marketing","sID":"660740","fee":69.58},
{"name":"PVTsim","sID":"210815","fee":272.29},
{"name":"OHS","sID":"742677","fee":163.67},
{"name":"Broadcast Television","sID":"781804","fee":44.07},
{"name":"Store Operations","sID":"753602","fee":129.72},
{"name":"Chi Kung","sID":"562401","fee":605.91},
{"name":"IIA Standards","sID":"055593","fee":86.13},
{"name":"Police","sID":"369828","fee":961.72},
{"name":"CADS RC","sID":"556751","fee":374.47},
{"name":"NVivo","sID":"832190","fee":725.23},
{"name":"Systems Analysis","sID":"299808","fee":841.47},
{"name":"NRSWA","sID":"400406","fee":57.52},
{"name":"EOB","sID":"547949","fee":568.88},
{"name":"FTL","sID":"317968","fee":274.11},
{"name":"Mobile Technology","sID":"591948","fee":111.3},
{"name":"Ethics","sID":"748638","fee":679.37},
{"name":"DDD","sID":"705484","fee":907.56},
{"name":"Nutritional Counseling","sID":"048991","fee":291.73},
{"name":"QNX","sID":"672751","fee":315.44},
{"name":"CNA","sID":"984387","fee":771.13},
{"name":"Voice Acting","sID":"393459","fee":984.5},
{"name":"Flight Test","sID":"475079","fee":593.67},
{"name":"Nitrous Oxide","sID":"005548","fee":794.37},
{"name":"DNA Extraction","sID":"146883","fee":29.04},
{"name":"ZoomText","sID":"540620","fee":685.72},
{"name":"MCS","sID":"836793","fee":97.89},
{"name":"Urban Design","sID":"208927","fee":670.05},
{"name":"Gospel","sID":"083518","fee":656.87},
{"name":"iPhone Support","sID":"088156","fee":790.55},
{"name":"Corporate Branding","sID":"424093","fee":27.65},
{"name":"Amazon EBS","sID":"316355","fee":404.57},
{"name":"Java Enterprise Edition","sID":"628719","fee":337.6},
{"name":"Bylaws","sID":"184332","fee":184.86},
{"name":"Air Traffic Control","sID":"427425","fee":275.97},
{"name":"Vacation","sID":"684718","fee":682.53},
{"name":"Earthquake Engineering","sID":"934725","fee":190.51},
{"name":"Ethnography","sID":"739343","fee":42.92},
{"name":"McKesson STAR","sID":"788134","fee":439.61},
{"name":"PTF","sID":"407547","fee":647.36},
{"name":"Zope","sID":"430531","fee":601.12},
{"name":"SDH","sID":"361464","fee":614.69},
{"name":"Carriage of Goods by Sea","sID":"017921","fee":267.92},
{"name":"Syslog-ng","sID":"780951","fee":240.81},
{"name":"Experimentation","sID":"906948","fee":970.7},
{"name":"Classical Guitar","sID":"306231","fee":293.63},
{"name":"Hyperion HFM","sID":"312666","fee":891.33},
{"name":"Ticketing","sID":"956408","fee":234.41},
{"name":"VLDB","sID":"771470","fee":602.6},
{"name":"FX Operations","sID":"347471","fee":454.28},
{"name":"Knowledge Base","sID":"043892","fee":19.59},
{"name":"eEmpact","sID":"678087","fee":409.41},
{"name":"Wind","sID":"212103","fee":820.07},
{"name":"BPT","sID":"681379","fee":757.26},
{"name":"XMPP","sID":"737473","fee":194.41},
{"name":"Site Development","sID":"972762","fee":99.38},
{"name":"Ultrafast Spectroscopy","sID":"525978","fee":128.93},
{"name":"Agility","sID":"192105","fee":346.34},
{"name":"Vulnerability Assessment","sID":"077169","fee":525.84},
{"name":"Teeth Whitening","sID":"112434","fee":660.99},
{"name":"Smart Cards","sID":"769550","fee":966.13},
{"name":"Hoshin Kanri","sID":"652528","fee":503.98},
{"name":"Change Management","sID":"795229","fee":354.29},
{"name":"Tax Accounting","sID":"697223","fee":129.91},
{"name":"Lighting","sID":"652304","fee":226.81},
{"name":"VRS","sID":"744779","fee":29.35},
{"name":"Wicklander-Zulawski Interview &amp; Interrogation","sID":"600050","fee":960.59},
{"name":"Aquisition","sID":"157763","fee":535.0},
{"name":"MP2","sID":"670097","fee":11.26},
{"name":"Art History","sID":"045761","fee":892.9},
{"name":"Autodesk Inventor","sID":"654318","fee":749.2},
{"name":"Eye Surgery","sID":"466098","fee":679.39},
{"name":"Policy Writing","sID":"514732","fee":475.65},
{"name":"Ubercart","sID":"816556","fee":348.64},
{"name":"Volunteering","sID":"678306","fee":652.72},
{"name":"HMI Programming","sID":"211569","fee":892.55},
{"name":"TTS","sID":"145758","fee":894.11},
{"name":"Flight Training","sID":"173011","fee":187.35},
{"name":"Electrical Troubleshooting","sID":"216128","fee":110.94},
{"name":"HCS","sID":"131601","fee":421.59}]