{
    "212846102": [
      {
        "date": "11/13/2022",
        "sDate": "12/28/2021",
        "pID": "212846102",
        "mID": "826745649",
        "sID": "790260",
        "comments": "vel enim sit amet nunc viverra"
      },
      {
        "date": "11/23/2022",
        "sDate": "12/28/2011",
        "pID": "212236102",
        "mID": "826723649",
        "sID": "790230",
        "comments": "vel hi sit amet nunc viverra"
      }
    ],
    "536873096": [
      {
      "date": "1/21/2022",
      "sDate": "2/22/2022",
      "pID": "536873096",
      "mID": "193757418",
      "sID": "848978",
      "comments": "dui luctus rutrum nulla tellus in sagittis dui vel nisl"
      }
    ],
    "667191987":[
      {
      "date": "2/17/2022",
      "sDate": "3/9/2022",
      "pID": "667191987",
      "mID": "843607897",
      "sID": "466938",
      "comments": "leo odio condimentum id luctus nec molestie"
      }
    ],
    "733021844": [
      {
      "date": "5/17/2022",
      "sDate": "5/21/2022",
      "pID": "733021844",
      "mID": "660939218",
      "sID": "680093",
      "comments": "bibendum morbi non quam nec dui"
      }
    ]
  }
